Firma	Stadt	Website	Google-Maps-Link	Telefon	E-Mail	Google ★	Anzahl Reviews	Letzte Review	Mobile-Score (0-100)	Click-to-Call?	Anfrage-Formular / CTA?	Design veraltet (1-5)	Lead-Score	Priorität	Hauptproblem (1 Satz für die Nachricht)	Status	Kontaktiert am	Follow-up am	Notizen / Einwände
David Johnson Plumbing	Arlington	https://davidjohnsonplumbing.us		(817) 235-3045	stymie318@sbcglobal.net					Ja	Nein (nur Knopf)	4			Startseite auf dem Handy überladen: viele gestapelte Knöpfe und Infozeilen, ein Knopf verdeckt die Überschrift.	Neu			Gefunden 01.10.2026, Daten von der eigenen Website
Flat Rate Plumbing Company	Grand Prairie	https://flatrateplumbingcompany.com		(972) 641-4837	flatrateadams@sbcglobal.net					Ja	Nein (nur Knopf)	4			Gleiche überladene Vorlage wie David Johnson; das Logo erscheint auf dem Handy nur als Bruchstück.	Neu			Gefunden 01.10.2026, Daten von der eigenen Website
American Air Customs, Inc.	Irving	https://americanaircustomsinc.com		(972) 313-3734	americanaircustoms@yahoo.com					Ja	Ja	5			Auf dem Handy läuft der Text aus dem Bild: Firmenname und Überschrift sind abgeschnitten, Layout wirkt veraltet.	Neu			Gefunden 01.10.2026, Daten von der eigenen Website
Vortex Heating & Air	Waxahachie	https://vortexairsolutions.com		(469) 439-0597	info@vortexairsolutions.com					Ja	Ja	3			Ein Popup und ein Cookie-Banner verdecken auf dem Handy fast die ganze Startseite.	Neu			Gefunden 01.10.2026, Daten von der eigenen Website
Ft Worth Fence	Fort Worth	https://ftworthfencecompany.com		(817) 232-5678	corey@ftworthfencecompany.com					Ja	Ja	3			Die große Überschrift ist auf dem Handy abgeschnitten ("Professiona…").	Neu			Gefunden 01.10.2026, Daten von der eigenen Website
Ft Worth Fence & Patio	Fort Worth	https://ftworthfenceandpatio.com		(682) 564-2372	sales@ftworthfenceandpatio.com					Ja	Ja	4			Logo, Social-Symbole und Telefonnummer überlagern sich auf dem Handy, das Startbild wirkt unruhig.	Neu			Gefunden 01.10.2026, Daten von der eigenen Website
Defender Fence Company	Fort Worth	https://defenderfences.com		(817) 203-4757	support@defenderfences.com					Ja	Ja	4			Startseite wirkt auf dem Handy leer und unfertig: kein sichtbares Logo, viel Leerraum.	Neu			Gefunden 01.10.2026, Daten von der eigenen Website
Metro Garage Door Repair	Dallas	https://metrogaragedoor.net		(972) 391-3610	office@metrogaragedoor.net					Ja	Ja	3			Dunkle, sehr textlastige Startseite ohne Bild.	Neu			Gefunden 01.10.2026, Daten von der eigenen Website
EZ Fix Garage Door Repair Services	Dallas	https://ezfixgaragedoor.com		(945) 713-1437	ezfixgaragedoorrepair@gmail.com					Ja	Ja	3			Überladene Startseite mit vielen Farben und Knöpfen übereinander.	Neu			Gefunden 01.10.2026, Daten von der eigenen Website
Pure Grit Pest Control	Fort Worth	https://puregritpestcontrol.com		(817) 259-2424	service@puregritpestcontrol.com					Ja	Nein	3			Ein Cookie-Banner verdeckt die Startseite, das Startbild hat wenig Kontrast.	Neu			Gefunden 01.10.2026, Daten von der eigenen Website
Bright Tree Service	Fort Worth	https://brighttreeservice.com		(214) 714-0792	info@brighttreeservice.com					Ja	Ja	4			Überschrift auf dem Handy abgeschnitten ("Tree Ser…"), das Layout verrutscht.	Neu			Gefunden 01.10.2026, Daten von der eigenen Website
Platinum Painting of Arlington	Arlington	https://platinumpaintingarlington.com		(817) 983-7280	office@platinumpainting.com					Ja	Ja	4			Ein großes Formular-Popup verdeckt auf dem Handy die ganze Seite. Mail-Domain weicht von der Website ab: prüfen, ob Teil einer Kette.	Neu			Gefunden 01.10.2026, Daten von der eigenen Website
Structured Foundation Repair	Dallas-Fort Worth	https://structuredfoundation.com		(972) 484-1200	info@structuredfoundation.com					Ja	Ja	3			Startseite wirkt veraltet: große rote Formen, wenig klare Struktur.	Neu			Gefunden 01.10.2026, Daten von der eigenen Website
Kelly's Pool Care & Renovation	Arlington	https://kellyspoolcare.com		(817) 219-2380	info@kellyspoolcare.com					Ja	Ja	3			Älteres Theme mit "Select Page"-Menü, wirkt nicht mehr zeitgemäß.	Neu			Gefunden 01.10.2026, Daten von der eigenen Website
